order_value,item_count,region,service_tier,created_at,processing_days
,4,east,standard,2026-01-01,5.41
960.88,18,east,standard,2026-01-02,10.63
29.21,1,east,standard,2026-01-03,4.21
527.92,18,central,priority,2026-01-04,8.3
578.9,9,west,standard,2026-01-05,7.49
386.09,5,west,standard,2026-01-06,6.28
158.78,4,west,standard,2026-01-07,5.05
99.71,2,west,priority,2026-01-08,3.13
206.73,3,central,priority,2026-01-09,2.17
125.85,7,east,standard,2026-01-10,5.64
705.96,10,west,standard,2026-01-11,7.89
468.74,12,east,standard,2026-01-12,7.76
491.34,9,east,standard,2026-01-13,7.61
488.2,15,central,priority,2026-01-14,8.1
1071.0,18,east,standard,2026-01-15,10.87
82.15,2,east,priority,2026-01-16,1.83
201.75,7,central,priority,2026-01-17,3.2
483.26,15,east,standard,2026-01-18,9.26
1144.01,18,west,priority,2026-01-19,7.58
384.95,8,east,standard,2026-01-20,7.15
49.87,2,central,standard,2026-01-21,5.19
119.42,3,west,priority,2026-01-22,3.82
1328.04,17,central,priority,2026-01-23,8.01
259.84,4,west,priority,2026-01-24,3.33
173.04,4,central,priority,2026-01-25,1.97
431.99,9,east,standard,2026-01-26,7.58
249.35,10,central,standard,2026-01-27,7.56
46.76,1,east,priority,2026-01-28,1.61
366.77,12,east,priority,2026-01-29,6.24
,3,central,priority,2026-01-30,3.83
289.42,5,central,standard,2026-01-31,6.09
1055.31,14,central,standard,2026-02-01,8.78
286.54,7,central,priority,2026-02-02,4.18
466.71,15,east,standard,2026-02-03,8.74
585.64,11,east,standard,2026-02-04,7.9
38.76,2,east,standard,2026-02-05,5.12
532.62,11,central,standard,2026-02-06,7.73
153.97,5,west,priority,2026-02-07,4.43
295.84,14,west,standard,2026-02-08,8.6
881.53,15,central,standard,2026-02-09,8.78
164.68,4,east,standard,2026-02-10,4.76
349.01,7,east,standard,2026-02-11,7.46
463.48,14,west,standard,2026-02-12,8.9
329.19,18,central,standard,2026-02-13,11.66
75.21,1,west,standard,2026-02-14,4.56
1139.24,16,east,standard,2026-02-15,9.31
90.84,6,west,priority,2026-02-16,3.04
602.78,10,central,priority,2026-02-17,6.37
451.11,18,central,priority,2026-02-18,7.84
1145.13,18,east,standard,2026-02-19,11.81
95.37,2,central,priority,2026-02-20,2.91
58.36,3,east,standard,2026-02-21,4.77
182.34,8,central,priority,2026-02-22,5.15
84.5,2,central,standard,2026-02-23,4.41
1287.85,17,east,priority,2026-02-24,8.22
211.56,9,central,priority,2026-02-25,6.06
355.52,10,west,priority,2026-02-26,5.5
199.78,4,central,standard,2026-02-27,5.17
,9,west,standard,2026-02-28,8.05
434.82,10,central,standard,2026-03-01,6.66
584.11,10,east,standard,2026-03-02,6.19
112.51,5,east,priority,2026-03-03,3.28
588.65,18,east,standard,2026-03-04,9.55
281.91,9,east,priority,2026-03-05,4.57
206.72,3,east,priority,2026-03-06,3.57
568.62,9,central,standard,2026-03-07,7.3
311.81,14,east,standard,2026-03-08,9.77
1246.48,18,central,standard,2026-03-09,9.99
772.85,18,east,standard,2026-03-10,10.85
712.01,12,central,standard,2026-03-11,8.35
262.83,4,central,priority,2026-03-12,3.86
356.0,5,east,standard,2026-03-13,5.34
373.22,14,west,standard,2026-03-14,9.83
202.78,8,central,priority,2026-03-15,4.32
286.76,4,west,priority,2026-03-16,3.67
820.02,12,east,priority,2026-03-17,5.87
463.22,8,east,standard,2026-03-18,6.41
510.27,9,west,priority,2026-03-19,5.44
1368.91,18,east,priority,2026-03-20,9.49
198.42,9,west,standard,2026-03-21,8.21
520.39,12,central,priority,2026-03-22,6.5
125.2,7,west,priority,2026-03-23,4.42
38.67,1,west,standard,2026-03-24,5.15
679.62,11,west,standard,2026-03-25,8.23
991.92,17,central,priority,2026-03-26,7.52
211.65,5,west,standard,2026-03-27,6.57
248.37,6,east,priority,2026-03-28,4.36
,14,west,priority,2026-03-29,6.46
466.15,7,central,priority,2026-03-30,5.4
145.51,3,central,priority,2026-03-31,2.81
750.17,11,east,standard,2026-04-01,7.86
116.11,7,east,standard,2026-04-02,5.55
713.63,16,central,standard,2026-04-03,10.19
532.71,13,east,priority,2026-04-04,6.03
65.6,1,central,standard,2026-04-05,4.56
310.49,17,east,priority,2026-04-06,9.01
94.67,4,central,priority,2026-04-07,2.68
603.05,11,central,priority,2026-04-08,6.01
1172.78,17,central,priority,2026-04-09,6.73
509.56,16,east,priority,2026-04-10,7.22
501.65,9,west,priority,2026-04-11,5.11
294.64,8,central,priority,2026-04-12,5.04
74.41,3,east,standard,2026-04-13,4.79
124.48,3,central,priority,2026-04-14,3.28
285.71,15,central,priority,2026-04-15,7.55
46.0,1,west,priority,2026-04-16,1.83
704.74,10,central,priority,2026-04-17,6.1
841.23,18,west,standard,2026-04-18,10.12
236.41,14,west,priority,2026-04-19,6.43
448.62,6,central,priority,2026-04-20,4.88
1331.11,18,east,standard,2026-04-21,9.56
998.83,14,east,standard,2026-04-22,8.42
79.28,2,west,priority,2026-04-23,2.83
282.58,9,east,priority,2026-04-24,5.67
1018.99,16,east,standard,2026-04-25,11.0
192.08,3,east,standard,2026-04-26,5.53
,7,east,standard,2026-04-27,6.5
423.26,7,west,priority,2026-04-28,5.13
393.34,6,central,standard,2026-04-29,6.37
52.43,1,west,priority,2026-04-30,2.79
259.22,13,east,standard,2026-05-01,8.24
667.55,10,central,standard,2026-05-02,6.72
99.26,2,central,priority,2026-05-03,2.58
772.45,11,west,standard,2026-05-04,7.66
309.8,4,central,priority,2026-05-05,2.66
132.24,5,central,priority,2026-05-06,2.9
406.95,9,west,priority,2026-05-07,5.52
265.04,8,west,standard,2026-05-08,6.09
416.32,8,west,priority,2026-05-09,4.53
513.6,11,west,standard,2026-05-10,7.38
298.6,9,central,priority,2026-05-11,4.13
20.56,1,central,standard,2026-05-12,3.65
715.21,14,central,priority,2026-05-13,6.94
1064.65,16,east,priority,2026-05-14,8.28
412.86,10,west,standard,2026-05-15,7.54
682.52,16,central,priority,2026-05-16,8.49
681.62,18,east,priority,2026-05-17,7.81
142.04,4,central,standard,2026-05-18,5.55
494.1,18,central,standard,2026-05-19,10.27
1338.46,17,east,priority,2026-05-20,7.47
384.57,10,east,standard,2026-05-21,7.2
704.96,9,central,standard,2026-05-22,8.04
564.62,10,east,standard,2026-05-23,7.5
461.16,10,west,priority,2026-05-24,5.22
188.47,6,east,standard,2026-05-25,6.29
,13,central,priority,2026-05-26,6.32
49.4,2,east,standard,2026-05-27,4.23
217.64,4,central,priority,2026-05-28,3.2
354.27,8,west,priority,2026-05-29,3.69
546.26,10,central,standard,2026-05-30,7.92
222.63,4,east,standard,2026-05-31,5.38
151.05,6,west,standard,2026-06-01,6.35
508.98,15,central,priority,2026-06-02,7.36
895.2,15,west,standard,2026-06-03,10.18
157.22,7,west,priority,2026-06-04,4.5
94.38,5,west,standard,2026-06-05,6.09
230.83,10,west,priority,2026-06-06,5.15
738.72,17,central,priority,2026-06-07,7.09
125.49,2,east,priority,2026-06-08,2.59
52.46,1,east,priority,2026-06-09,2.27
1192.72,16,central,priority,2026-06-10,7.93
728.81,16,west,standard,2026-06-11,10.32
644.15,11,central,priority,2026-06-12,6.19
929.09,16,west,priority,2026-06-13,7.18
802.15,18,west,standard,2026-06-14,10.09
981.71,17,central,standard,2026-06-15,10.44
277.85,15,west,priority,2026-06-16,6.42
423.47,15,central,standard,2026-06-17,9.15
217.39,5,central,priority,2026-06-18,3.65
281.59,8,east,standard,2026-06-19,6.51
379.05,18,west,priority,2026-06-20,9.62
189.58,4,central,standard,2026-06-21,5.34
420.07,10,west,priority,2026-06-22,4.83
718.8,18,central,standard,2026-06-23,10.37
,17,west,standard,2026-06-24,9.78
751.69,11,west,priority,2026-06-25,6.9
712.42,10,west,priority,2026-06-26,4.85
802.75,18,west,priority,2026-06-27,8.53
365.17,7,east,standard,2026-06-28,6.56
669.24,11,west,priority,2026-06-29,6.88
